titulo,preco,url
Anúncio patrocinado – Mesa de Centro Austria Branco Redonda Tampo MDF Sala Moderna (Off White),190.0,https://www.amazon.com.br/sspa/click?ie=UTF8&spc=MTo0Mzk3OTUxNTMzMjAyOTYyOjE3NzkxMzI0MjQ6c3BfYXRmOjMwMTE3Mzg2Mzc2ODIwMjo6MDo6&url=%2FCentro-Austria-Branco-Redonda-Moderna%2Fdp%2FB0FGJZ59QT%2Fref%3Dsr_1_1_sspa%3Fdib%3DeyJ2IjoiMSJ9.Jsm25SlOczvZ0JPTPJrDAfnaqBKZmGX-PzQyOtVMRqjtFUDPG5bkHAjGOqjXy-xvVNBRpZotPKDpo5AYzZJ7p_OfV-0HHFBPf4cVIZ-KZQ5ujOyXGDWyayutCIuodJhRlZQAStooemAqw98FAwRn68UuJ1iYHI0jtpC0D7NAQFrNaFknI5LYgBBDGonHXRKQMmlFOKJadOnQQb7NXaIqAxUzF7PeHGXL2a7M7vrBJBeA1VMMyWDQslW-h-x9Dpn97FkElHCmpz_gJALGO7B7xrOmqOxbWSA-yLOnjQmv7Vw.7MOEhKRWMwPca7W9QSFHhUDNA9XcpdJ_RLyhx97CYFo%26dib_tag%3Dse%26keywords%3Dmesa%2Bde%2Bcentro%26qid%3D1779132424%26sr%3D8-1-spons%26ufe%3Dapp_do%253Aamzn1.fos.fcd6d665-32ba-4479-9f21-b774e276a678%26sp_csd%3Dd2lkZ2V0TmFtZT1zcF9hdGY%26psc%3D1
Anúncio patrocinado – Mesa de Centro Retro Retangular Sala de Estar Recepção,69.9,https://www.amazon.com.br/sspa/click?ie=UTF8&spc=MTo0Mzk3OTUxNTMzMjAyOTYyOjE3NzkxMzI0MjQ6c3BfYXRmOjMwMTIyODE0MTY5OTUwMjo6MDo6&url=%2FCentro-Retro-Retangular-Estar-Recep%25C3%25A7%25C3%25A3o%2Fdp%2FB085BW6STL%2Fref%3Dsr_1_2_sspa%3Fdib%3DeyJ2IjoiMSJ9.Jsm25SlOczvZ0JPTPJrDAfnaqBKZmGX-PzQyOtVMRqjtFUDPG5bkHAjGOqjXy-xvVNBRpZotPKDpo5AYzZJ7p_OfV-0HHFBPf4cVIZ-KZQ5ujOyXGDWyayutCIuodJhRlZQAStooemAqw98FAwRn68UuJ1iYHI0jtpC0D7NAQFrNaFknI5LYgBBDGonHXRKQMmlFOKJadOnQQb7NXaIqAxUzF7PeHGXL2a7M7vrBJBeA1VMMyWDQslW-h-x9Dpn97FkElHCmpz_gJALGO7B7xrOmqOxbWSA-yLOnjQmv7Vw.7MOEhKRWMwPca7W9QSFHhUDNA9XcpdJ_RLyhx97CYFo%26dib_tag%3Dse%26keywords%3Dmesa%2Bde%2Bcentro%26qid%3D1779132424%26sr%3D8-2-spons%26ufe%3Dapp_do%253Aamzn1.fos.6d798eae-cadf-45de-946a-f477d47705b9%26sp_csd%3Dd2lkZ2V0TmFtZT1zcF9hdGY%26psc%3D1
"Anúncio patrocinado – VASAGLE Mesa de Centro, para Sala de Estar, Prateleira de Vidro Temperado para Armazenamento, Fácil ...",408.49,https://www.amazon.com.br/sspa/click?ie=UTF8&spc=MTo0Mzk3OTUxNTMzMjAyOTYyOjE3NzkxMzI0MjQ6c3BfYXRmOjMwMTIwNDE2Mjc3MDUwMjo6MDo6&url=%2FVASAGLE-redonda-prateleira-armazenamento-circular%2Fdp%2FB0CH8C2V4M%2Fref%3Dsr_1_3_sspa%3Fdib%3DeyJ2IjoiMSJ9.Jsm25SlOczvZ0JPTPJrDAfnaqBKZmGX-PzQyOtVMRqjtFUDPG5bkHAjGOqjXy-xvVNBRpZotPKDpo5AYzZJ7p_OfV-0HHFBPf4cVIZ-KZQ5ujOyXGDWyayutCIuodJhRlZQAStooemAqw98FAwRn68UuJ1iYHI0jtpC0D7NAQFrNaFknI5LYgBBDGonHXRKQMmlFOKJadOnQQb7NXaIqAxUzF7PeHGXL2a7M7vrBJBeA1VMMyWDQslW-h-x9Dpn97FkElHCmpz_gJALGO7B7xrOmqOxbWSA-yLOnjQmv7Vw.7MOEhKRWMwPca7W9QSFHhUDNA9XcpdJ_RLyhx97CYFo%26dib_tag%3Dse%26keywords%3Dmesa%2Bde%2Bcentro%26qid%3D1779132424%26sr%3D8-3-spons%26ufe%3Dapp_do%253Aamzn1.fos.e05b01e0-91a7-477e-a514-15a32325a6d6%26sp_csd%3Dd2lkZ2V0TmFtZT1zcF9hdGY%26psc%3D1
"Anúncio patrocinado – VASAGLE Mesa de Centro, Mesa de Sala de Estar, Mesa de Sofá Redonda de Mármore Sintético, Prateleira...",503.49,https://www.amazon.com.br/sspa/click?ie=UTF8&spc=MTo0Mzk3OTUxNTMzMjAyOTYyOjE3NzkxMzI0MjQ6c3BfYXRmOjMwMTIwNDE2Mjc3MDQwMjo6MDo6&url=%2FVASAGLE-imita%25C3%25A7%25C3%25A3o-prateleira-temperado-montagem%2Fdp%2FB0CC8KWRZ1%2Fref%3Dsr_1_4_sspa%3Fdib%3DeyJ2IjoiMSJ9.Jsm25SlOczvZ0JPTPJrDAfnaqBKZmGX-PzQyOtVMRqjtFUDPG5bkHAjGOqjXy-xvVNBRpZotPKDpo5AYzZJ7p_OfV-0HHFBPf4cVIZ-KZQ5ujOyXGDWyayutCIuodJhRlZQAStooemAqw98FAwRn68UuJ1iYHI0jtpC0D7NAQFrNaFknI5LYgBBDGonHXRKQMmlFOKJadOnQQb7NXaIqAxUzF7PeHGXL2a7M7vrBJBeA1VMMyWDQslW-h-x9Dpn97FkElHCmpz_gJALGO7B7xrOmqOxbWSA-yLOnjQmv7Vw.7MOEhKRWMwPca7W9QSFHhUDNA9XcpdJ_RLyhx97CYFo%26dib_tag%3Dse%26keywords%3Dmesa%2Bde%2Bcentro%26qid%3D1779132424%26sr%3D8-4-spons%26ufe%3Dapp_do%253Aamzn1.fos.25548f35-0de7-44b3-b28e-0f56f3f96147%26sp_csd%3Dd2lkZ2V0TmFtZT1zcF9hdGY%26psc%3D1
Mesa Mesinha de Centro Apoio Sala Oval Orgânica Moderna Cor Off White Nature Pés Madeira MDF Barata FULL,159.99,https://www.amazon.com.br/Mesinha-Centro-Org%C3%A2nica-Moderna-Madeira/dp/B0GLS4FVSX/ref=sr_1_5?dib=eyJ2IjoiMSJ9.Jsm25SlOczvZ0JPTPJrDAfnaqBKZmGX-PzQyOtVMRqjtFUDPG5bkHAjGOqjXy-xvVNBRpZotPKDpo5AYzZJ7p_OfV-0HHFBPf4cVIZ-KZQ5ujOyXGDWyayutCIuodJhRlZQAStooemAqw98FAwRn68UuJ1iYHI0jtpC0D7NAQFrNaFknI5LYgBBDGonHXRKQMmlFOKJadOnQQb7NXaIqAxUzF7PeHGXL2a7M7vrBJBeA1VMMyWDQslW-h-x9Dpn97FkElHCmpz_gJALGO7B7xrOmqOxbWSA-yLOnjQmv7Vw.7MOEhKRWMwPca7W9QSFHhUDNA9XcpdJ_RLyhx97CYFo&dib_tag=se&keywords=mesa+de+centro&qid=1779132424&sr=8-5&ufe=app_do%3Aamzn1.fos.db68964d-7c0e-4bb2-a95c-e5cb9e32eb12
Mesa de Centro com rodizios SAARA cor Cinamomo/Off White - Artely,184.61,https://www.amazon.com.br/Centro-rodizios-SAARA-Cinamomo-White/dp/B0CQMG7ZQ3/ref=sr_1_6?dib=eyJ2IjoiMSJ9.Jsm25SlOczvZ0JPTPJrDAfnaqBKZmGX-PzQyOtVMRqjtFUDPG5bkHAjGOqjXy-xvVNBRpZotPKDpo5AYzZJ7p_OfV-0HHFBPf4cVIZ-KZQ5ujOyXGDWyayutCIuodJhRlZQAStooemAqw98FAwRn68UuJ1iYHI0jtpC0D7NAQFrNaFknI5LYgBBDGonHXRKQMmlFOKJadOnQQb7NXaIqAxUzF7PeHGXL2a7M7vrBJBeA1VMMyWDQslW-h-x9Dpn97FkElHCmpz_gJALGO7B7xrOmqOxbWSA-yLOnjQmv7Vw.7MOEhKRWMwPca7W9QSFHhUDNA9XcpdJ_RLyhx97CYFo&dib_tag=se&keywords=mesa+de+centro&qid=1779132424&sr=8-6&ufe=app_do%3Aamzn1.fos.fcd6d665-32ba-4479-9f21-b774e276a678
"Mesa de Centro Moderna, 80 x 42 cm, Tampo MDF, Pés em Madeira Maciça, Altura 32,5 cm (Preto)",138.69,https://www.amazon.com.br/Centro-Moderna-Madeira-Maci%C3%A7a-Altura/dp/B0FXHPF2L4/ref=sr_1_7?dib=eyJ2IjoiMSJ9.Jsm25SlOczvZ0JPTPJrDAfnaqBKZmGX-PzQyOtVMRqjtFUDPG5bkHAjGOqjXy-xvVNBRpZotPKDpo5AYzZJ7p_OfV-0HHFBPf4cVIZ-KZQ5ujOyXGDWyayutCIuodJhRlZQAStooemAqw98FAwRn68UuJ1iYHI0jtpC0D7NAQFrNaFknI5LYgBBDGonHXRKQMmlFOKJadOnQQb7NXaIqAxUzF7PeHGXL2a7M7vrBJBeA1VMMyWDQslW-h-x9Dpn97FkElHCmpz_gJALGO7B7xrOmqOxbWSA-yLOnjQmv7Vw.7MOEhKRWMwPca7W9QSFHhUDNA9XcpdJ_RLyhx97CYFo&dib_tag=se&keywords=mesa+de+centro&qid=1779132424&sr=8-7&ufe=app_do%3Aamzn1.fos.6a09f7ec-d911-4889-ad70-de8dd83c8a74
Mesa de Centro Orgânica Pés Palito em Madeira 90x52cm Mel,150.04,https://www.amazon.com.br/Centro-Org%C3%A2nica-Palito-Madeira-90x52cm/dp/B0FM1XQMH8/ref=sr_1_8?dib=eyJ2IjoiMSJ9.Jsm25SlOczvZ0JPTPJrDAfnaqBKZmGX-PzQyOtVMRqjtFUDPG5bkHAjGOqjXy-xvVNBRpZotPKDpo5AYzZJ7p_OfV-0HHFBPf4cVIZ-KZQ5ujOyXGDWyayutCIuodJhRlZQAStooemAqw98FAwRn68UuJ1iYHI0jtpC0D7NAQFrNaFknI5LYgBBDGonHXRKQMmlFOKJadOnQQb7NXaIqAxUzF7PeHGXL2a7M7vrBJBeA1VMMyWDQslW-h-x9Dpn97FkElHCmpz_gJALGO7B7xrOmqOxbWSA-yLOnjQmv7Vw.7MOEhKRWMwPca7W9QSFHhUDNA9XcpdJ_RLyhx97CYFo&dib_tag=se&keywords=mesa+de+centro&qid=1779132424&sr=8-8&ufe=app_do%3Aamzn1.fos.db68964d-7c0e-4bb2-a95c-e5cb9e32eb12
"Mesa de Centro Orgânica Moderna para Sala – Pés de Madeira | Design Minimalista, Montagem Fácil",134.9,https://www.amazon.com.br/Mesa-Centro-Org%C3%A2nica-Moderna-para/dp/B0F8R5XMQK/ref=sr_1_9?dib=eyJ2IjoiMSJ9.Jsm25SlOczvZ0JPTPJrDAfnaqBKZmGX-PzQyOtVMRqjtFUDPG5bkHAjGOqjXy-xvVNBRpZotPKDpo5AYzZJ7p_OfV-0HHFBPf4cVIZ-KZQ5ujOyXGDWyayutCIuodJhRlZQAStooemAqw98FAwRn68UuJ1iYHI0jtpC0D7NAQFrNaFknI5LYgBBDGonHXRKQMmlFOKJadOnQQb7NXaIqAxUzF7PeHGXL2a7M7vrBJBeA1VMMyWDQslW-h-x9Dpn97FkElHCmpz_gJALGO7B7xrOmqOxbWSA-yLOnjQmv7Vw.7MOEhKRWMwPca7W9QSFHhUDNA9XcpdJ_RLyhx97CYFo&dib_tag=se&keywords=mesa+de+centro&qid=1779132424&sr=8-9&ufe=app_do%3Aamzn1.fos.6a09f7ec-d911-4889-ad70-de8dd83c8a74
Kit 2 Mesas De Centro Para Sala de Estar Design Orgânico 69/77cm - Mel,299.2,https://www.amazon.com.br/Mesas-Centro-Estar-Design-Org%C3%A2nico/dp/B0FLYLWTB9/ref=sr_1_10?dib=eyJ2IjoiMSJ9.Jsm25SlOczvZ0JPTPJrDAfnaqBKZmGX-PzQyOtVMRqjtFUDPG5bkHAjGOqjXy-xvVNBRpZotPKDpo5AYzZJ7p_OfV-0HHFBPf4cVIZ-KZQ5ujOyXGDWyayutCIuodJhRlZQAStooemAqw98FAwRn68UuJ1iYHI0jtpC0D7NAQFrNaFknI5LYgBBDGonHXRKQMmlFOKJadOnQQb7NXaIqAxUzF7PeHGXL2a7M7vrBJBeA1VMMyWDQslW-h-x9Dpn97FkElHCmpz_gJALGO7B7xrOmqOxbWSA-yLOnjQmv7Vw.7MOEhKRWMwPca7W9QSFHhUDNA9XcpdJ_RLyhx97CYFo&dib_tag=se&keywords=mesa+de+centro&qid=1779132424&sr=8-10&ufe=app_do%3Aamzn1.fos.fcd6d665-32ba-4479-9f21-b774e276a678
Mesa de Centro Nuvem Moderna com Tampo em MDF e Estrutura em Aço Reforçado - Bordas Arredondadas (Marrom),129.0,https://www.amazon.com.br/Centro-Nuvem-Moderna-Estrutura-Refor%C3%A7ado/dp/B0GD6TBMG7/ref=sr_1_11?dib=eyJ2IjoiMSJ9.Jsm25SlOczvZ0JPTPJrDAfnaqBKZmGX-PzQyOtVMRqjtFUDPG5bkHAjGOqjXy-xvVNBRpZotPKDpo5AYzZJ7p_OfV-0HHFBPf4cVIZ-KZQ5ujOyXGDWyayutCIuodJhRlZQAStooemAqw98FAwRn68UuJ1iYHI0jtpC0D7NAQFrNaFknI5LYgBBDGonHXRKQMmlFOKJadOnQQb7NXaIqAxUzF7PeHGXL2a7M7vrBJBeA1VMMyWDQslW-h-x9Dpn97FkElHCmpz_gJALGO7B7xrOmqOxbWSA-yLOnjQmv7Vw.7MOEhKRWMwPca7W9QSFHhUDNA9XcpdJ_RLyhx97CYFo&dib_tag=se&keywords=mesa+de+centro&qid=1779132424&sr=8-11&ufe=app_do%3Aamzn1.fos.6a09f7ec-d911-4889-ad70-de8dd83c8a74
Mesa De Centro Retangular Para Sala Moderna Pérola Nature (Pérola/Nature),179.99,https://www.amazon.com.br/Centro-Retangular-Moderna-P%C3%A9rola-Nature/dp/B0FRB7QVSZ/ref=sr_1_12?dib=eyJ2IjoiMSJ9.Jsm25SlOczvZ0JPTPJrDAfnaqBKZmGX-PzQyOtVMRqjtFUDPG5bkHAjGOqjXy-xvVNBRpZotPKDpo5AYzZJ7p_OfV-0HHFBPf4cVIZ-KZQ5ujOyXGDWyayutCIuodJhRlZQAStooemAqw98FAwRn68UuJ1iYHI0jtpC0D7NAQFrNaFknI5LYgBBDGonHXRKQMmlFOKJadOnQQb7NXaIqAxUzF7PeHGXL2a7M7vrBJBeA1VMMyWDQslW-h-x9Dpn97FkElHCmpz_gJALGO7B7xrOmqOxbWSA-yLOnjQmv7Vw.7MOEhKRWMwPca7W9QSFHhUDNA9XcpdJ_RLyhx97CYFo&dib_tag=se&keywords=mesa+de+centro&qid=1779132424&sr=8-12&ufe=app_do%3Aamzn1.fos.db68964d-7c0e-4bb2-a95c-e5cb9e32eb12
Mesa de Centro Orgânica Moderna Para Sala Pés de Madeira Mesa de Centro Orgânica Moderna (Preto),136.9,https://www.amazon.com.br/Centro-Org%C3%A2nica-Moderna-Madeira-Preto/dp/B0FFD8DLD5/ref=sr_1_13?dib=eyJ2IjoiMSJ9.Jsm25SlOczvZ0JPTPJrDAfnaqBKZmGX-PzQyOtVMRqjtFUDPG5bkHAjGOqjXy-xvVNBRpZotPKDpo5AYzZJ7p_OfV-0HHFBPf4cVIZ-KZQ5ujOyXGDWyayutCIuodJhRlZQAStooemAqw98FAwRn68UuJ1iYHI0jtpC0D7NAQFrNaFknI5LYgBBDGonHXRKQMmlFOKJadOnQQb7NXaIqAxUzF7PeHGXL2a7M7vrBJBeA1VMMyWDQslW-h-x9Dpn97FkElHCmpz_gJALGO7B7xrOmqOxbWSA-yLOnjQmv7Vw.7MOEhKRWMwPca7W9QSFHhUDNA9XcpdJ_RLyhx97CYFo&dib_tag=se&keywords=mesa+de+centro&qid=1779132424&sr=8-13&ufe=app_do%3Aamzn1.fos.6a09f7ec-d911-4889-ad70-de8dd83c8a74
"Mesa de Centro Moderna, 80 x 42 cm, Tampo MDF, Pés em Madeira Maciça, Altura 32,5 cm (Freijo)",138.69,https://www.amazon.com.br/Centro-Moderna-Madeira-Maci%C3%A7a-Altura/dp/B0FXHNMK91/ref=sr_1_14?dib=eyJ2IjoiMSJ9.Jsm25SlOczvZ0JPTPJrDAfnaqBKZmGX-PzQyOtVMRqjtFUDPG5bkHAjGOqjXy-xvVNBRpZotPKDpo5AYzZJ7p_OfV-0HHFBPf4cVIZ-KZQ5ujOyXGDWyayutCIuodJhRlZQAStooemAqw98FAwRn68UuJ1iYHI0jtpC0D7NAQFrNaFknI5LYgBBDGonHXRKQMmlFOKJadOnQQb7NXaIqAxUzF7PeHGXL2a7M7vrBJBeA1VMMyWDQslW-h-x9Dpn97FkElHCmpz_gJALGO7B7xrOmqOxbWSA-yLOnjQmv7Vw.7MOEhKRWMwPca7W9QSFHhUDNA9XcpdJ_RLyhx97CYFo&dib_tag=se&keywords=mesa+de+centro&qid=1779132424&sr=8-14&ufe=app_do%3Aamzn1.fos.6a09f7ec-d911-4889-ad70-de8dd83c8a74
Mesa de Centro Austria Branco Redonda Tampo MDF Sala Moderna (Canela),190.0,https://www.amazon.com.br/Centro-Austria-Branco-Redonda-Moderna/dp/B0FGJZ4ZCK/ref=sr_1_15?dib=eyJ2IjoiMSJ9.Jsm25SlOczvZ0JPTPJrDAfnaqBKZmGX-PzQyOtVMRqjtFUDPG5bkHAjGOqjXy-xvVNBRpZotPKDpo5AYzZJ7p_OfV-0HHFBPf4cVIZ-KZQ5ujOyXGDWyayutCIuodJhRlZQAStooemAqw98FAwRn68UuJ1iYHI0jtpC0D7NAQFrNaFknI5LYgBBDGonHXRKQMmlFOKJadOnQQb7NXaIqAxUzF7PeHGXL2a7M7vrBJBeA1VMMyWDQslW-h-x9Dpn97FkElHCmpz_gJALGO7B7xrOmqOxbWSA-yLOnjQmv7Vw.7MOEhKRWMwPca7W9QSFHhUDNA9XcpdJ_RLyhx97CYFo&dib_tag=se&keywords=mesa+de+centro&qid=1779132424&sr=8-15&ufe=app_do%3Aamzn1.fos.fcd6d665-32ba-4479-9f21-b774e276a678
Mesa de Centro Industrial 60x30 - Design Moderno e Estabilidade com Pés de Ferro (PRETO E FREIJO),135.9,https://www.amazon.com.br/Mesa-Centro-Industrial-60x30-Estabilidade/dp/B0GHZ65ZYK/ref=sr_1_16?dib=eyJ2IjoiMSJ9.Jsm25SlOczvZ0JPTPJrDAfnaqBKZmGX-PzQyOtVMRqjtFUDPG5bkHAjGOqjXy-xvVNBRpZotPKDpo5AYzZJ7p_OfV-0HHFBPf4cVIZ-KZQ5ujOyXGDWyayutCIuodJhRlZQAStooemAqw98FAwRn68UuJ1iYHI0jtpC0D7NAQFrNaFknI5LYgBBDGonHXRKQMmlFOKJadOnQQb7NXaIqAxUzF7PeHGXL2a7M7vrBJBeA1VMMyWDQslW-h-x9Dpn97FkElHCmpz_gJALGO7B7xrOmqOxbWSA-yLOnjQmv7Vw.7MOEhKRWMwPca7W9QSFHhUDNA9XcpdJ_RLyhx97CYFo&dib_tag=se&keywords=mesa+de+centro&qid=1779132424&sr=8-16&ufe=app_do%3Aamzn1.fos.6a09f7ec-d911-4889-ad70-de8dd83c8a74
Mesa De Centro Dubai Sala Decorativa Redonda Tripé Pés Palito (OFF WHITE),95.99,https://www.amazon.com.br/Centro-Dubai-Decorativa-Redonda-Palito/dp/B0DWFW1MHZ/ref=sr_1_17?dib=eyJ2IjoiMSJ9.Jsm25SlOczvZ0JPTPJrDAfnaqBKZmGX-PzQyOtVMRqjtFUDPG5bkHAjGOqjXy-xvVNBRpZotPKDpo5AYzZJ7p_OfV-0HHFBPf4cVIZ-KZQ5ujOyXGDWyayutCIuodJhRlZQAStooemAqw98FAwRn68UuJ1iYHI0jtpC0D7NAQFrNaFknI5LYgBBDGonHXRKQMmlFOKJadOnQQb7NXaIqAxUzF7PeHGXL2a7M7vrBJBeA1VMMyWDQslW-h-x9Dpn97FkElHCmpz_gJALGO7B7xrOmqOxbWSA-yLOnjQmv7Vw.7MOEhKRWMwPca7W9QSFHhUDNA9XcpdJ_RLyhx97CYFo&dib_tag=se&keywords=mesa+de+centro&qid=1779132424&sr=8-17&ufe=app_do%3Aamzn1.fos.6121c6c4-c969-43ae-92f7-cc248fc6181d
Mesa de Centro com rodízios e tampo em Tamburato 50mm DUNAS cor Cinamomo - Artely,266.64,https://www.amazon.com.br/Centro-rod%C3%ADzios-tampo-Tamburato-Cinamomo/dp/B0CQMFNHLZ/ref=sr_1_18?dib=eyJ2IjoiMSJ9.Jsm25SlOczvZ0JPTPJrDAfnaqBKZmGX-PzQyOtVMRqjtFUDPG5bkHAjGOqjXy-xvVNBRpZotPKDpo5AYzZJ7p_OfV-0HHFBPf4cVIZ-KZQ5ujOyXGDWyayutCIuodJhRlZQAStooemAqw98FAwRn68UuJ1iYHI0jtpC0D7NAQFrNaFknI5LYgBBDGonHXRKQMmlFOKJadOnQQb7NXaIqAxUzF7PeHGXL2a7M7vrBJBeA1VMMyWDQslW-h-x9Dpn97FkElHCmpz_gJALGO7B7xrOmqOxbWSA-yLOnjQmv7Vw.7MOEhKRWMwPca7W9QSFHhUDNA9XcpdJ_RLyhx97CYFo&dib_tag=se&keywords=mesa+de+centro&qid=1779132424&sr=8-18&ufe=app_do%3Aamzn1.fos.fcd6d665-32ba-4479-9f21-b774e276a678
Mesa de centro sala moderna com 2 andares Giovana casa e escritório(off/madeirado),158.0,https://www.amazon.com.br/moderna-andares-Giovana-escrit%C3%B3rio-madeirado/dp/B0FNVYQWR2/ref=sr_1_19?dib=eyJ2IjoiMSJ9.Jsm25SlOczvZ0JPTPJrDAfnaqBKZmGX-PzQyOtVMRqjtFUDPG5bkHAjGOqjXy-xvVNBRpZotPKDpo5AYzZJ7p_OfV-0HHFBPf4cVIZ-KZQ5ujOyXGDWyayutCIuodJhRlZQAStooemAqw98FAwRn68UuJ1iYHI0jtpC0D7NAQFrNaFknI5LYgBBDGonHXRKQMmlFOKJadOnQQb7NXaIqAxUzF7PeHGXL2a7M7vrBJBeA1VMMyWDQslW-h-x9Dpn97FkElHCmpz_gJALGO7B7xrOmqOxbWSA-yLOnjQmv7Vw.7MOEhKRWMwPca7W9QSFHhUDNA9XcpdJ_RLyhx97CYFo&dib_tag=se&keywords=mesa+de+centro&qid=1779132424&sr=8-19&ufe=app_do%3Aamzn1.fos.db68964d-7c0e-4bb2-a95c-e5cb9e32eb12
"Mesa de Centro Retro, Mesa de Centro Escritorio Portatil com Gaveta e Rodas Travas,Mesa de Apoio para Quarto (Preta)",179.99,https://www.amazon.com.br/Centro-Escritorio-Portatil-Gaveta-Travas/dp/B0FG7ZJTS6/ref=sr_1_20?dib=eyJ2IjoiMSJ9.Jsm25SlOczvZ0JPTPJrDAfnaqBKZmGX-PzQyOtVMRqjtFUDPG5bkHAjGOqjXy-xvVNBRpZotPKDpo5AYzZJ7p_OfV-0HHFBPf4cVIZ-KZQ5ujOyXGDWyayutCIuodJhRlZQAStooemAqw98FAwRn68UuJ1iYHI0jtpC0D7NAQFrNaFknI5LYgBBDGonHXRKQMmlFOKJadOnQQb7NXaIqAxUzF7PeHGXL2a7M7vrBJBeA1VMMyWDQslW-h-x9Dpn97FkElHCmpz_gJALGO7B7xrOmqOxbWSA-yLOnjQmv7Vw.7MOEhKRWMwPca7W9QSFHhUDNA9XcpdJ_RLyhx97CYFo&dib_tag=se&keywords=mesa+de+centro&qid=1779132424&sr=8-20&ufe=app_do%3Aamzn1.fos.db68964d-7c0e-4bb2-a95c-e5cb9e32eb12
Anúncio patrocinado – Mesa Centro Organico Sala Design Decorativa (Canela),249.0,https://www.amazon.com.br/sspa/click?ie=UTF8&spc=MTo0Mzk3OTUxNTMzMjAyOTYyOjE3NzkxMzI0MjQ6c3BfbXRmOjMwMTE3ODc1MjUyNDgwMjo6MDo6&url=%2FCentro-Organico-Design-Decorativa-Canela%2Fdp%2FB0GFG2FJ6L%2Fref%3Dsr_1_21_sspa%3Fdib%3DeyJ2IjoiMSJ9.Jsm25SlOczvZ0JPTPJrDAfnaqBKZmGX-PzQyOtVMRqjtFUDPG5bkHAjGOqjXy-xvVNBRpZotPKDpo5AYzZJ7p_OfV-0HHFBPf4cVIZ-KZQ5ujOyXGDWyayutCIuodJhRlZQAStooemAqw98FAwRn68UuJ1iYHI0jtpC0D7NAQFrNaFknI5LYgBBDGonHXRKQMmlFOKJadOnQQb7NXaIqAxUzF7PeHGXL2a7M7vrBJBeA1VMMyWDQslW-h-x9Dpn97FkElHCmpz_gJALGO7B7xrOmqOxbWSA-yLOnjQmv7Vw.7MOEhKRWMwPca7W9QSFHhUDNA9XcpdJ_RLyhx97CYFo%26dib_tag%3Dse%26keywords%3Dmesa%2Bde%2Bcentro%26qid%3D1779132424%26sr%3D8-21-spons%26ufe%3Dapp_do%253Aamzn1.fos.fcd6d665-32ba-4479-9f21-b774e276a678%26sp_csd%3Dd2lkZ2V0TmFtZT1zcF9tdGY%26psc%3D1
"Anúncio patrocinado – Mesa de Centro Estilo Industrial Fabricado em Metalon 20x20 e Tampo em MDP de 15mm. Ideal para sala,...",179.9,https://www.amazon.com.br/sspa/click?ie=UTF8&spc=MTo0Mzk3OTUxNTMzMjAyOTYyOjE3NzkxMzI0MjQ6c3BfbXRmOjMwMTI1NjIxNTc4NTAwMjo6MDo6&url=%2FCentro-Industrial-Fabricado-Metalon-resistente%2Fdp%2FB0FRPKKBBQ%2Fref%3Dsr_1_22_sspa%3Fdib%3DeyJ2IjoiMSJ9.Jsm25SlOczvZ0JPTPJrDAfnaqBKZmGX-PzQyOtVMRqjtFUDPG5bkHAjGOqjXy-xvVNBRpZotPKDpo5AYzZJ7p_OfV-0HHFBPf4cVIZ-KZQ5ujOyXGDWyayutCIuodJhRlZQAStooemAqw98FAwRn68UuJ1iYHI0jtpC0D7NAQFrNaFknI5LYgBBDGonHXRKQMmlFOKJadOnQQb7NXaIqAxUzF7PeHGXL2a7M7vrBJBeA1VMMyWDQslW-h-x9Dpn97FkElHCmpz_gJALGO7B7xrOmqOxbWSA-yLOnjQmv7Vw.7MOEhKRWMwPca7W9QSFHhUDNA9XcpdJ_RLyhx97CYFo%26dib_tag%3Dse%26keywords%3Dmesa%2Bde%2Bcentro%26qid%3D1779132424%26sr%3D8-22-spons%26ufe%3Dapp_do%253Aamzn1.fos.db68964d-7c0e-4bb2-a95c-e5cb9e32eb12%26sp_csd%3Dd2lkZ2V0TmFtZT1zcF9tdGY%26psc%3D1
Anúncio patrocinado – Mesa de Centro Lima Multiuso Com Nicho Prateleira Decorativo,480.0,https://www.amazon.com.br/sspa/click?ie=UTF8&spc=MTo0Mzk3OTUxNTMzMjAyOTYyOjE3NzkxMzI0MjQ6c3BfbXRmOjMwMTIyNzkxNDM0ODgwMjo6MDo6&url=%2FCentro-Multiuso-Nicho-Prateleira-Decorativo%2Fdp%2FB0GSH7GKDV%2Fref%3Dsr_1_23_sspa%3Fdib%3DeyJ2IjoiMSJ9.Jsm25SlOczvZ0JPTPJrDAfnaqBKZmGX-PzQyOtVMRqjtFUDPG5bkHAjGOqjXy-xvVNBRpZotPKDpo5AYzZJ7p_OfV-0HHFBPf4cVIZ-KZQ5ujOyXGDWyayutCIuodJhRlZQAStooemAqw98FAwRn68UuJ1iYHI0jtpC0D7NAQFrNaFknI5LYgBBDGonHXRKQMmlFOKJadOnQQb7NXaIqAxUzF7PeHGXL2a7M7vrBJBeA1VMMyWDQslW-h-x9Dpn97FkElHCmpz_gJALGO7B7xrOmqOxbWSA-yLOnjQmv7Vw.7MOEhKRWMwPca7W9QSFHhUDNA9XcpdJ_RLyhx97CYFo%26dib_tag%3Dse%26keywords%3Dmesa%2Bde%2Bcentro%26qid%3D1779132424%26sr%3D8-23-spons%26ufe%3Dapp_do%253Aamzn1.fos.4bddec23-2dcf-4403-8597-e1a02442043d%26sp_csd%3Dd2lkZ2V0TmFtZT1zcF9tdGY%26psc%3D1
Anúncio patrocinado – Mesa De Centro Redonda Design Moderno Com Estrutura Em Aço Carbono E Revestimento Em Fibra Sintética,239.99,https://www.amazon.com.br/sspa/click?ie=UTF8&spc=MTo0Mzk3OTUxNTMzMjAyOTYyOjE3NzkxMzI0MjQ6c3BfbXRmOjMwMTIxNzE3NTUxMTcwMjo6MDo6&url=%2FRedonda-Moderno-Estrutura-Revestimento-Sint%25C3%25A9tica%2Fdp%2FB0GRK42G52%2Fref%3Dsr_1_24_sspa%3Fdib%3DeyJ2IjoiMSJ9.Jsm25SlOczvZ0JPTPJrDAfnaqBKZmGX-PzQyOtVMRqjtFUDPG5bkHAjGOqjXy-xvVNBRpZotPKDpo5AYzZJ7p_OfV-0HHFBPf4cVIZ-KZQ5ujOyXGDWyayutCIuodJhRlZQAStooemAqw98FAwRn68UuJ1iYHI0jtpC0D7NAQFrNaFknI5LYgBBDGonHXRKQMmlFOKJadOnQQb7NXaIqAxUzF7PeHGXL2a7M7vrBJBeA1VMMyWDQslW-h-x9Dpn97FkElHCmpz_gJALGO7B7xrOmqOxbWSA-yLOnjQmv7Vw.7MOEhKRWMwPca7W9QSFHhUDNA9XcpdJ_RLyhx97CYFo%26dib_tag%3Dse%26keywords%3Dmesa%2Bde%2Bcentro%26qid%3D1779132424%26sr%3D8-24-spons%26ufe%3Dapp_do%253Aamzn1.fos.fcd6d665-32ba-4479-9f21-b774e276a678%26sp_csd%3Dd2lkZ2V0TmFtZT1zcF9tdGY%26psc%3D1
Mesa de Centro Retangular G7004 Sala de Estar Nature/preto,112.09,https://www.amazon.com.br/Centro-Retangular-G7004-Estar-Nature/dp/B0GLHJWHTW/ref=sr_1_25?dib=eyJ2IjoiMSJ9.Jsm25SlOczvZ0JPTPJrDAfnaqBKZmGX-PzQyOtVMRqjtFUDPG5bkHAjGOqjXy-xvVNBRpZotPKDpo5AYzZJ7p_OfV-0HHFBPf4cVIZ-KZQ5ujOyXGDWyayutCIuodJhRlZQAStooemAqw98FAwRn68UuJ1iYHI0jtpC0D7NAQFrNaFknI5LYgBBDGonHXRKQMmlFOKJadOnQQb7NXaIqAxUzF7PeHGXL2a7M7vrBJBeA1VMMyWDQslW-h-x9Dpn97FkElHCmpz_gJALGO7B7xrOmqOxbWSA-yLOnjQmv7Vw.7MOEhKRWMwPca7W9QSFHhUDNA9XcpdJ_RLyhx97CYFo&dib_tag=se&keywords=mesa+de+centro&qid=1779132424&sr=8-25&ufe=app_do%3Aamzn1.fos.6121c6c4-c969-43ae-92f7-cc248fc6181d
Mesa De Centro Industrial Ferro E Madeira Retangular,109.9,https://www.amazon.com.br/Centro-Industrial-Ferro-Madeira-Retangular/dp/B0GW99D81M/ref=sr_1_26?dib=eyJ2IjoiMSJ9.Jsm25SlOczvZ0JPTPJrDAfnaqBKZmGX-PzQyOtVMRqjtFUDPG5bkHAjGOqjXy-xvVNBRpZotPKDpo5AYzZJ7p_OfV-0HHFBPf4cVIZ-KZQ5ujOyXGDWyayutCIuodJhRlZQAStooemAqw98FAwRn68UuJ1iYHI0jtpC0D7NAQFrNaFknI5LYgBBDGonHXRKQMmlFOKJadOnQQb7NXaIqAxUzF7PeHGXL2a7M7vrBJBeA1VMMyWDQslW-h-x9Dpn97FkElHCmpz_gJALGO7B7xrOmqOxbWSA-yLOnjQmv7Vw.7MOEhKRWMwPca7W9QSFHhUDNA9XcpdJ_RLyhx97CYFo&dib_tag=se&keywords=mesa+de+centro&qid=1779132424&sr=8-26&ufe=app_do%3Aamzn1.fos.6121c6c4-c969-43ae-92f7-cc248fc6181d
Mesa Centro Organico Sala Design Decorativa (Off White),249.0,https://www.amazon.com.br/Centro-Organico-Design-Decorativa-White/dp/B0GFGC49H5/ref=sr_1_27?dib=eyJ2IjoiMSJ9.Jsm25SlOczvZ0JPTPJrDAfnaqBKZmGX-PzQyOtVMRqjtFUDPG5bkHAjGOqjXy-xvVNBRpZotPKDpo5AYzZJ7p_OfV-0HHFBPf4cVIZ-KZQ5ujOyXGDWyayutCIuodJhRlZQAStooemAqw98FAwRn68UuJ1iYHI0jtpC0D7NAQFrNaFknI5LYgBBDGonHXRKQMmlFOKJadOnQQb7NXaIqAxUzF7PeHGXL2a7M7vrBJBeA1VMMyWDQslW-h-x9Dpn97FkElHCmpz_gJALGO7B7xrOmqOxbWSA-yLOnjQmv7Vw.7MOEhKRWMwPca7W9QSFHhUDNA9XcpdJ_RLyhx97CYFo&dib_tag=se&keywords=mesa+de+centro&qid=1779132424&sr=8-27&ufe=app_do%3Aamzn1.fos.fcd6d665-32ba-4479-9f21-b774e276a678
"Mesa Centro tamburato curvo 50mm de espessura design orgânico, atual e exclusivo MAGNUM Cor Cinamomo - Artely",444.47,https://www.amazon.com.br/tamburato-espessura-org%C3%A2nico-exclusivo-Cinamomo/dp/B0DQDNYHXX/ref=sr_1_28?dib=eyJ2IjoiMSJ9.Jsm25SlOczvZ0JPTPJrDAfnaqBKZmGX-PzQyOtVMRqjtFUDPG5bkHAjGOqjXy-xvVNBRpZotPKDpo5AYzZJ7p_OfV-0HHFBPf4cVIZ-KZQ5ujOyXGDWyayutCIuodJhRlZQAStooemAqw98FAwRn68UuJ1iYHI0jtpC0D7NAQFrNaFknI5LYgBBDGonHXRKQMmlFOKJadOnQQb7NXaIqAxUzF7PeHGXL2a7M7vrBJBeA1VMMyWDQslW-h-x9Dpn97FkElHCmpz_gJALGO7B7xrOmqOxbWSA-yLOnjQmv7Vw.7MOEhKRWMwPca7W9QSFHhUDNA9XcpdJ_RLyhx97CYFo&dib_tag=se&keywords=mesa+de+centro&qid=1779132424&sr=8-28&ufe=app_do%3Aamzn1.fos.e05b01e0-91a7-477e-a514-15a32325a6d6
Tebarrot Mesa de Centro Classic Sala Pés Madeira Maciça Off White 90x45x30 cm - Loja Inova BR,209.0,https://www.amazon.com.br/Centro-Classic-Tebarrot-madeira-maci%C3%A7a/dp/B0F6RPJ3CM/ref=sr_1_29?dib=eyJ2IjoiMSJ9.Jsm25SlOczvZ0JPTPJrDAfnaqBKZmGX-PzQyOtVMRqjtFUDPG5bkHAjGOqjXy-xvVNBRpZotPKDpo5AYzZJ7p_OfV-0HHFBPf4cVIZ-KZQ5ujOyXGDWyayutCIuodJhRlZQAStooemAqw98FAwRn68UuJ1iYHI0jtpC0D7NAQFrNaFknI5LYgBBDGonHXRKQMmlFOKJadOnQQb7NXaIqAxUzF7PeHGXL2a7M7vrBJBeA1VMMyWDQslW-h-x9Dpn97FkElHCmpz_gJALGO7B7xrOmqOxbWSA-yLOnjQmv7Vw.7MOEhKRWMwPca7W9QSFHhUDNA9XcpdJ_RLyhx97CYFo&dib_tag=se&keywords=mesa+de+centro&qid=1779132424&sr=8-29&ufe=app_do%3Aamzn1.fos.fcd6d665-32ba-4479-9f21-b774e276a678
Mesa de Centro Retro Retangular Sala de Estar Recepção,69.9,https://www.amazon.com.br/Centro-Retro-Retangular-Estar-Recep%C3%A7%C3%A3o/dp/B085BW6STL/ref=sr_1_30?dib=eyJ2IjoiMSJ9.Jsm25SlOczvZ0JPTPJrDAfnaqBKZmGX-PzQyOtVMRqjtFUDPG5bkHAjGOqjXy-xvVNBRpZotPKDpo5AYzZJ7p_OfV-0HHFBPf4cVIZ-KZQ5ujOyXGDWyayutCIuodJhRlZQAStooemAqw98FAwRn68UuJ1iYHI0jtpC0D7NAQFrNaFknI5LYgBBDGonHXRKQMmlFOKJadOnQQb7NXaIqAxUzF7PeHGXL2a7M7vrBJBeA1VMMyWDQslW-h-x9Dpn97FkElHCmpz_gJALGO7B7xrOmqOxbWSA-yLOnjQmv7Vw.7MOEhKRWMwPca7W9QSFHhUDNA9XcpdJ_RLyhx97CYFo&dib_tag=se&keywords=mesa+de+centro&qid=1779132424&sr=8-30&ufe=app_do%3Aamzn1.fos.6d798eae-cadf-45de-946a-f477d47705b9
Mesa de Centro Sala de Estar Lilibeth Cor: Titanium/Naturale,161.49,https://www.amazon.com.br/Mesa-Centro-Sala-Estar-Lilibeth/dp/B0BL3VRQTG/ref=sr_1_31?dib=eyJ2IjoiMSJ9.Jsm25SlOczvZ0JPTPJrDAfnaqBKZmGX-PzQyOtVMRqjtFUDPG5bkHAjGOqjXy-xvVNBRpZotPKDpo5AYzZJ7p_OfV-0HHFBPf4cVIZ-KZQ5ujOyXGDWyayutCIuodJhRlZQAStooemAqw98FAwRn68UuJ1iYHI0jtpC0D7NAQFrNaFknI5LYgBBDGonHXRKQMmlFOKJadOnQQb7NXaIqAxUzF7PeHGXL2a7M7vrBJBeA1VMMyWDQslW-h-x9Dpn97FkElHCmpz_gJALGO7B7xrOmqOxbWSA-yLOnjQmv7Vw.7MOEhKRWMwPca7W9QSFHhUDNA9XcpdJ_RLyhx97CYFo&dib_tag=se&keywords=mesa+de+centro&qid=1779132424&sr=8-31&ufe=app_do%3Aamzn1.fos.db68964d-7c0e-4bb2-a95c-e5cb9e32eb12
"MESA DE CENTRO ORGANICA PARA SALA DE ESTAR, CLÍNICA, OFF WHITE 100% MDF",192.08,https://www.amazon.com.br/CENTRO-ORGANICA-ESTAR-CL%C3%8DNICA-WHITE/dp/B0FYQCTJ1S/ref=sr_1_32?dib=eyJ2IjoiMSJ9.Jsm25SlOczvZ0JPTPJrDAfnaqBKZmGX-PzQyOtVMRqjtFUDPG5bkHAjGOqjXy-xvVNBRpZotPKDpo5AYzZJ7p_OfV-0HHFBPf4cVIZ-KZQ5ujOyXGDWyayutCIuodJhRlZQAStooemAqw98FAwRn68UuJ1iYHI0jtpC0D7NAQFrNaFknI5LYgBBDGonHXRKQMmlFOKJadOnQQb7NXaIqAxUzF7PeHGXL2a7M7vrBJBeA1VMMyWDQslW-h-x9Dpn97FkElHCmpz_gJALGO7B7xrOmqOxbWSA-yLOnjQmv7Vw.7MOEhKRWMwPca7W9QSFHhUDNA9XcpdJ_RLyhx97CYFo&dib_tag=se&keywords=mesa+de+centro&qid=1779132424&sr=8-32&ufe=app_do%3Aamzn1.fos.fcd6d665-32ba-4479-9f21-b774e276a678
Mesa Centro De Sala Orgânica Espelhada Paris Cor Prateado,215.92,https://www.amazon.com.br/Centro-Org%C3%A2nica-Espelhada-Paris-Prateado/dp/B0CLBCP867/ref=sr_1_33?dib=eyJ2IjoiMSJ9.Jsm25SlOczvZ0JPTPJrDAfnaqBKZmGX-PzQyOtVMRqjtFUDPG5bkHAjGOqjXy-xvVNBRpZotPKDpo5AYzZJ7p_OfV-0HHFBPf4cVIZ-KZQ5ujOyXGDWyayutCIuodJhRlZQAStooemAqw98FAwRn68UuJ1iYHI0jtpC0D7NAQFrNaFknI5LYgBBDGonHXRKQMmlFOKJadOnQQb7NXaIqAxUzF7PeHGXL2a7M7vrBJBeA1VMMyWDQslW-h-x9Dpn97FkElHCmpz_gJALGO7B7xrOmqOxbWSA-yLOnjQmv7Vw.7MOEhKRWMwPca7W9QSFHhUDNA9XcpdJ_RLyhx97CYFo&dib_tag=se&keywords=mesa+de+centro&qid=1779132424&sr=8-33&ufe=app_do%3Aamzn1.fos.fcd6d665-32ba-4479-9f21-b774e276a678
"Mesa de Centro Redonda de Madeira, Estilo Moderno com Acabamento em Madeira Natural, Design Minimalista para Sala de Estar",172.0,https://www.amazon.com.br/Redonda-Madeira-Moderno-Acabamento-Minimalista/dp/B0GQJ51ZS5/ref=sr_1_34?dib=eyJ2IjoiMSJ9.Jsm25SlOczvZ0JPTPJrDAfnaqBKZmGX-PzQyOtVMRqjtFUDPG5bkHAjGOqjXy-xvVNBRpZotPKDpo5AYzZJ7p_OfV-0HHFBPf4cVIZ-KZQ5ujOyXGDWyayutCIuodJhRlZQAStooemAqw98FAwRn68UuJ1iYHI0jtpC0D7NAQFrNaFknI5LYgBBDGonHXRKQMmlFOKJadOnQQb7NXaIqAxUzF7PeHGXL2a7M7vrBJBeA1VMMyWDQslW-h-x9Dpn97FkElHCmpz_gJALGO7B7xrOmqOxbWSA-yLOnjQmv7Vw.7MOEhKRWMwPca7W9QSFHhUDNA9XcpdJ_RLyhx97CYFo&dib_tag=se&keywords=mesa+de+centro&qid=1779132424&sr=8-34&ufe=app_do%3Aamzn1.fos.db68964d-7c0e-4bb2-a95c-e5cb9e32eb12
Mesa de Centro 100% MDF Jasmin cor Menta c/Carvalho - Artely,218.73,https://www.amazon.com.br/Centro-Circular-Vazados-Artely-46x59x59cm/dp/B0BYF9DSMS/ref=sr_1_35?dib=eyJ2IjoiMSJ9.Jsm25SlOczvZ0JPTPJrDAfnaqBKZmGX-PzQyOtVMRqjtFUDPG5bkHAjGOqjXy-xvVNBRpZotPKDpo5AYzZJ7p_OfV-0HHFBPf4cVIZ-KZQ5ujOyXGDWyayutCIuodJhRlZQAStooemAqw98FAwRn68UuJ1iYHI0jtpC0D7NAQFrNaFknI5LYgBBDGonHXRKQMmlFOKJadOnQQb7NXaIqAxUzF7PeHGXL2a7M7vrBJBeA1VMMyWDQslW-h-x9Dpn97FkElHCmpz_gJALGO7B7xrOmqOxbWSA-yLOnjQmv7Vw.7MOEhKRWMwPca7W9QSFHhUDNA9XcpdJ_RLyhx97CYFo&dib_tag=se&keywords=mesa+de+centro&qid=1779132424&sr=8-35&ufe=app_do%3Aamzn1.fos.fcd6d665-32ba-4479-9f21-b774e276a678
Mesinha de centro retangular (Off White Freijo),113.99,https://www.amazon.com.br/Mesinha-centro-retangular-White-Freijo/dp/B0D9YP9K9M/ref=sr_1_36?dib=eyJ2IjoiMSJ9.Jsm25SlOczvZ0JPTPJrDAfnaqBKZmGX-PzQyOtVMRqjtFUDPG5bkHAjGOqjXy-xvVNBRpZotPKDpo5AYzZJ7p_OfV-0HHFBPf4cVIZ-KZQ5ujOyXGDWyayutCIuodJhRlZQAStooemAqw98FAwRn68UuJ1iYHI0jtpC0D7NAQFrNaFknI5LYgBBDGonHXRKQMmlFOKJadOnQQb7NXaIqAxUzF7PeHGXL2a7M7vrBJBeA1VMMyWDQslW-h-x9Dpn97FkElHCmpz_gJALGO7B7xrOmqOxbWSA-yLOnjQmv7Vw.7MOEhKRWMwPca7W9QSFHhUDNA9XcpdJ_RLyhx97CYFo&dib_tag=se&keywords=mesa+de+centro&qid=1779132424&sr=8-36&ufe=app_do%3Aamzn1.fos.6121c6c4-c969-43ae-92f7-cc248fc6181d
"VASAGLE Mesa de Centro Redonda, Kit com 2 Mesas, Mesa Lateral para Sala de Estar, Estilo Vintage, Tampa Removível, para Sa...",379.99,https://www.amazon.com.br/VASAGLE-Conjunto-pequenas-redonda-escrit%C3%B3rio/dp/B08JSXNVKR/ref=sr_1_37?dib=eyJ2IjoiMSJ9.Jsm25SlOczvZ0JPTPJrDAfnaqBKZmGX-PzQyOtVMRqjtFUDPG5bkHAjGOqjXy-xvVNBRpZotPKDpo5AYzZJ7p_OfV-0HHFBPf4cVIZ-KZQ5ujOyXGDWyayutCIuodJhRlZQAStooemAqw98FAwRn68UuJ1iYHI0jtpC0D7NAQFrNaFknI5LYgBBDGonHXRKQMmlFOKJadOnQQb7NXaIqAxUzF7PeHGXL2a7M7vrBJBeA1VMMyWDQslW-h-x9Dpn97FkElHCmpz_gJALGO7B7xrOmqOxbWSA-yLOnjQmv7Vw.7MOEhKRWMwPca7W9QSFHhUDNA9XcpdJ_RLyhx97CYFo&dib_tag=se&keywords=mesa+de+centro&qid=1779132424&sr=8-37&ufe=app_do%3Aamzn1.fos.4bb5663b-6f7d-4772-84fa-7c7f565ec65b
Mesa Centro ou Lateral Tripé Tampo MDF 45cm Tati Mesinha Redonda de Canto Pé Palito (Branco),78.99,https://www.amazon.com.br/Centro-Trip%C3%A9-Mesinha-Redonda-Branco/dp/B0C1PCDLTN/ref=sr_1_38?dib=eyJ2IjoiMSJ9.Jsm25SlOczvZ0JPTPJrDAfnaqBKZmGX-PzQyOtVMRqjtFUDPG5bkHAjGOqjXy-xvVNBRpZotPKDpo5AYzZJ7p_OfV-0HHFBPf4cVIZ-KZQ5ujOyXGDWyayutCIuodJhRlZQAStooemAqw98FAwRn68UuJ1iYHI0jtpC0D7NAQFrNaFknI5LYgBBDGonHXRKQMmlFOKJadOnQQb7NXaIqAxUzF7PeHGXL2a7M7vrBJBeA1VMMyWDQslW-h-x9Dpn97FkElHCmpz_gJALGO7B7xrOmqOxbWSA-yLOnjQmv7Vw.7MOEhKRWMwPca7W9QSFHhUDNA9XcpdJ_RLyhx97CYFo&dib_tag=se&keywords=mesa+de+centro&qid=1779132424&sr=8-38&ufe=app_do%3Aamzn1.fos.6d798eae-cadf-45de-946a-f477d47705b9
Mesa De Centro Redonda Apoio Para Sala Tripé Retro,144.49,https://www.amazon.com.br/Centro-Redonda-Apoio-Trip%C3%A9-Retro/dp/B0FKVBJHLJ/ref=sr_1_39?dib=eyJ2IjoiMSJ9.Jsm25SlOczvZ0JPTPJrDAfnaqBKZmGX-PzQyOtVMRqjtFUDPG5bkHAjGOqjXy-xvVNBRpZotPKDpo5AYzZJ7p_OfV-0HHFBPf4cVIZ-KZQ5ujOyXGDWyayutCIuodJhRlZQAStooemAqw98FAwRn68UuJ1iYHI0jtpC0D7NAQFrNaFknI5LYgBBDGonHXRKQMmlFOKJadOnQQb7NXaIqAxUzF7PeHGXL2a7M7vrBJBeA1VMMyWDQslW-h-x9Dpn97FkElHCmpz_gJALGO7B7xrOmqOxbWSA-yLOnjQmv7Vw.7MOEhKRWMwPca7W9QSFHhUDNA9XcpdJ_RLyhx97CYFo&dib_tag=se&keywords=mesa+de+centro&qid=1779132424&sr=8-39&ufe=app_do%3Aamzn1.fos.6a09f7ec-d911-4889-ad70-de8dd83c8a74
Mesa De Centro Sala Retangular MDP 60x40cm,135.9,https://www.amazon.com.br/Mesa-Centro-Sala-Retangular-60x40cm/dp/B0GPZYNXBN/ref=sr_1_40?dib=eyJ2IjoiMSJ9.Jsm25SlOczvZ0JPTPJrDAfnaqBKZmGX-PzQyOtVMRqjtFUDPG5bkHAjGOqjXy-xvVNBRpZotPKDpo5AYzZJ7p_OfV-0HHFBPf4cVIZ-KZQ5ujOyXGDWyayutCIuodJhRlZQAStooemAqw98FAwRn68UuJ1iYHI0jtpC0D7NAQFrNaFknI5LYgBBDGonHXRKQMmlFOKJadOnQQb7NXaIqAxUzF7PeHGXL2a7M7vrBJBeA1VMMyWDQslW-h-x9Dpn97FkElHCmpz_gJALGO7B7xrOmqOxbWSA-yLOnjQmv7Vw.7MOEhKRWMwPca7W9QSFHhUDNA9XcpdJ_RLyhx97CYFo&dib_tag=se&keywords=mesa+de+centro&qid=1779132424&sr=8-40&ufe=app_do%3Aamzn1.fos.6a09f7ec-d911-4889-ad70-de8dd83c8a74
Mesa de Centro Oval G7003 com Pés em Metal Preto/nature,156.74,https://www.amazon.com.br/Centro-G7003-Metal-Preto-nature/dp/B0GLHNYSW2/ref=sr_1_41?dib=eyJ2IjoiMSJ9.Jsm25SlOczvZ0JPTPJrDAfnaqBKZmGX-PzQyOtVMRqjtFUDPG5bkHAjGOqjXy-xvVNBRpZotPKDpo5AYzZJ7p_OfV-0HHFBPf4cVIZ-KZQ5ujOyXGDWyayutCIuodJhRlZQAStooemAqw98FAwRn68UuJ1iYHI0jtpC0D7NAQFrNaFknI5LYgBBDGonHXRKQMmlFOKJadOnQQb7NXaIqAxUzF7PeHGXL2a7M7vrBJBeA1VMMyWDQslW-h-x9Dpn97FkElHCmpz_gJALGO7B7xrOmqOxbWSA-yLOnjQmv7Vw.7MOEhKRWMwPca7W9QSFHhUDNA9XcpdJ_RLyhx97CYFo&dib_tag=se&keywords=mesa+de+centro&qid=1779132424&sr=8-41&ufe=app_do%3Aamzn1.fos.db68964d-7c0e-4bb2-a95c-e5cb9e32eb12
Mesa de Centro com nicho inferior DIVA cor Pinho/Preto - Artely,225.76,https://www.amazon.com.br/Centro-nicho-inferior-Pinho-Preto/dp/B09RQ85Q36/ref=sr_1_42?dib=eyJ2IjoiMSJ9.Jsm25SlOczvZ0JPTPJrDAfnaqBKZmGX-PzQyOtVMRqjtFUDPG5bkHAjGOqjXy-xvVNBRpZotPKDpo5AYzZJ7p_OfV-0HHFBPf4cVIZ-KZQ5ujOyXGDWyayutCIuodJhRlZQAStooemAqw98FAwRn68UuJ1iYHI0jtpC0D7NAQFrNaFknI5LYgBBDGonHXRKQMmlFOKJadOnQQb7NXaIqAxUzF7PeHGXL2a7M7vrBJBeA1VMMyWDQslW-h-x9Dpn97FkElHCmpz_gJALGO7B7xrOmqOxbWSA-yLOnjQmv7Vw.7MOEhKRWMwPca7W9QSFHhUDNA9XcpdJ_RLyhx97CYFo&dib_tag=se&keywords=mesa+de+centro&qid=1779132424&sr=8-42&ufe=app_do%3Aamzn1.fos.fcd6d665-32ba-4479-9f21-b774e276a678
Mesa De Canto e Centro Redonda Pe Palito Lateral Sofa (Branco),39.9,https://www.amazon.com.br/Centro-Redonda-Palito-Lateral-Branco/dp/B0D54WQQ4Z/ref=sr_1_43?dib=eyJ2IjoiMSJ9.Jsm25SlOczvZ0JPTPJrDAfnaqBKZmGX-PzQyOtVMRqjtFUDPG5bkHAjGOqjXy-xvVNBRpZotPKDpo5AYzZJ7p_OfV-0HHFBPf4cVIZ-KZQ5ujOyXGDWyayutCIuodJhRlZQAStooemAqw98FAwRn68UuJ1iYHI0jtpC0D7NAQFrNaFknI5LYgBBDGonHXRKQMmlFOKJadOnQQb7NXaIqAxUzF7PeHGXL2a7M7vrBJBeA1VMMyWDQslW-h-x9Dpn97FkElHCmpz_gJALGO7B7xrOmqOxbWSA-yLOnjQmv7Vw.7MOEhKRWMwPca7W9QSFHhUDNA9XcpdJ_RLyhx97CYFo&dib_tag=se&keywords=mesa+de+centro&qid=1779132424&sr=8-43
Conjunto Mesa de Centro e Lateral Redonda para Sala - Perola/Nature - Maite - TuttiCasa,251.74,https://www.amazon.com.br/Conjunto-Mesa-Centro-Lateral-Redonda/dp/B0BT68KFNQ/ref=sr_1_44?dib=eyJ2IjoiMSJ9.Jsm25SlOczvZ0JPTPJrDAfnaqBKZmGX-PzQyOtVMRqjtFUDPG5bkHAjGOqjXy-xvVNBRpZotPKDpo5AYzZJ7p_OfV-0HHFBPf4cVIZ-KZQ5ujOyXGDWyayutCIuodJhRlZQAStooemAqw98FAwRn68UuJ1iYHI0jtpC0D7NAQFrNaFknI5LYgBBDGonHXRKQMmlFOKJadOnQQb7NXaIqAxUzF7PeHGXL2a7M7vrBJBeA1VMMyWDQslW-h-x9Dpn97FkElHCmpz_gJALGO7B7xrOmqOxbWSA-yLOnjQmv7Vw.7MOEhKRWMwPca7W9QSFHhUDNA9XcpdJ_RLyhx97CYFo&dib_tag=se&keywords=mesa+de+centro&qid=1779132424&sr=8-44&ufe=app_do%3Aamzn1.fos.fcd6d665-32ba-4479-9f21-b774e276a678
"Mesa de Centro 70cm com Estrutura de Metal e Tampo com Pintura, Moderna e Funcional(Imbuia/preto)",379.0,https://www.amazon.com.br/Centro-Estrutura-Pintura-Moderna-Funcional/dp/B0GZZJ8PXL/ref=sr_1_45?dib=eyJ2IjoiMSJ9.Jsm25SlOczvZ0JPTPJrDAfnaqBKZmGX-PzQyOtVMRqjtFUDPG5bkHAjGOqjXy-xvVNBRpZotPKDpo5AYzZJ7p_OfV-0HHFBPf4cVIZ-KZQ5ujOyXGDWyayutCIuodJhRlZQAStooemAqw98FAwRn68UuJ1iYHI0jtpC0D7NAQFrNaFknI5LYgBBDGonHXRKQMmlFOKJadOnQQb7NXaIqAxUzF7PeHGXL2a7M7vrBJBeA1VMMyWDQslW-h-x9Dpn97FkElHCmpz_gJALGO7B7xrOmqOxbWSA-yLOnjQmv7Vw.7MOEhKRWMwPca7W9QSFHhUDNA9XcpdJ_RLyhx97CYFo&dib_tag=se&keywords=mesa+de+centro&qid=1779132424&sr=8-45&ufe=app_do%3Aamzn1.fos.a492fd4a-f54d-4e8d-8c31-35e0a04ce61e
Mesa de Centro com vidro temperado 6mm CLEAR cor Off White - Artely,453.65,https://www.amazon.com.br/Centro-vidro-temperado-CLEAR-White/dp/B0CHN1M96D/ref=sr_1_46?dib=eyJ2IjoiMSJ9.Jsm25SlOczvZ0JPTPJrDAfnaqBKZmGX-PzQyOtVMRqjtFUDPG5bkHAjGOqjXy-xvVNBRpZotPKDpo5AYzZJ7p_OfV-0HHFBPf4cVIZ-KZQ5ujOyXGDWyayutCIuodJhRlZQAStooemAqw98FAwRn68UuJ1iYHI0jtpC0D7NAQFrNaFknI5LYgBBDGonHXRKQMmlFOKJadOnQQb7NXaIqAxUzF7PeHGXL2a7M7vrBJBeA1VMMyWDQslW-h-x9Dpn97FkElHCmpz_gJALGO7B7xrOmqOxbWSA-yLOnjQmv7Vw.7MOEhKRWMwPca7W9QSFHhUDNA9XcpdJ_RLyhx97CYFo&dib_tag=se&keywords=mesa+de+centro&qid=1779132424&sr=8-46&ufe=app_do%3Aamzn1.fos.4bddec23-2dcf-4403-8597-e1a02442043d
"Mesa de Centro Industrial, Metal Preto, 60x35x40 cm, Estilo Moderno para Sala",151.99,https://www.amazon.com.br/Centro-Industrial-60x35x40-Estilo-Moderno/dp/B0G4SJP5DB/ref=sr_1_47?dib=eyJ2IjoiMSJ9.Jsm25SlOczvZ0JPTPJrDAfnaqBKZmGX-PzQyOtVMRqjtFUDPG5bkHAjGOqjXy-xvVNBRpZotPKDpo5AYzZJ7p_OfV-0HHFBPf4cVIZ-KZQ5ujOyXGDWyayutCIuodJhRlZQAStooemAqw98FAwRn68UuJ1iYHI0jtpC0D7NAQFrNaFknI5LYgBBDGonHXRKQMmlFOKJadOnQQb7NXaIqAxUzF7PeHGXL2a7M7vrBJBeA1VMMyWDQslW-h-x9Dpn97FkElHCmpz_gJALGO7B7xrOmqOxbWSA-yLOnjQmv7Vw.7MOEhKRWMwPca7W9QSFHhUDNA9XcpdJ_RLyhx97CYFo&dib_tag=se&keywords=mesa+de+centro&qid=1779132424&sr=8-47&ufe=app_do%3Aamzn1.fos.db68964d-7c0e-4bb2-a95c-e5cb9e32eb12
"Mesa de Centro Redonda Moderna, Tampo Preto, 3 Pés, Estilo Escandinavo, para Sala de Estar",85.0,https://www.amazon.com.br/Centro-Redonda-Moderna-Estilo-Escandinavo/dp/B0FQYMX6ZL/ref=sr_1_48?dib=eyJ2IjoiMSJ9.Jsm25SlOczvZ0JPTPJrDAfnaqBKZmGX-PzQyOtVMRqjtFUDPG5bkHAjGOqjXy-xvVNBRpZotPKDpo5AYzZJ7p_OfV-0HHFBPf4cVIZ-KZQ5ujOyXGDWyayutCIuodJhRlZQAStooemAqw98FAwRn68UuJ1iYHI0jtpC0D7NAQFrNaFknI5LYgBBDGonHXRKQMmlFOKJadOnQQb7NXaIqAxUzF7PeHGXL2a7M7vrBJBeA1VMMyWDQslW-h-x9Dpn97FkElHCmpz_gJALGO7B7xrOmqOxbWSA-yLOnjQmv7Vw.7MOEhKRWMwPca7W9QSFHhUDNA9XcpdJ_RLyhx97CYFo&dib_tag=se&keywords=mesa+de+centro&qid=1779132424&sr=8-48&ufe=app_do%3Aamzn1.fos.6d798eae-cadf-45de-946a-f477d47705b9
Mesa de Centro Orgânica Paris Wood Off White Mesinha de Centro Para Sala de Estar,179.9,https://www.amazon.com.br/Centro-Org%C3%A2nica-Paris-White-Mesinha/dp/B0CLDQMNJK/ref=sr_1_49?dib=eyJ2IjoiMSJ9.Jsm25SlOczvZ0JPTPJrDAfnaqBKZmGX-PzQyOtVMRqjtFUDPG5bkHAjGOqjXy-xvVNBRpZotPKDpo5AYzZJ7p_OfV-0HHFBPf4cVIZ-KZQ5ujOyXGDWyayutCIuodJhRlZQAStooemAqw98FAwRn68UuJ1iYHI0jtpC0D7NAQFrNaFknI5LYgBBDGonHXRKQMmlFOKJadOnQQb7NXaIqAxUzF7PeHGXL2a7M7vrBJBeA1VMMyWDQslW-h-x9Dpn97FkElHCmpz_gJALGO7B7xrOmqOxbWSA-yLOnjQmv7Vw.7MOEhKRWMwPca7W9QSFHhUDNA9XcpdJ_RLyhx97CYFo&dib_tag=se&keywords=mesa+de+centro&qid=1779132424&sr=8-49&ufe=app_do%3Aamzn1.fos.db68964d-7c0e-4bb2-a95c-e5cb9e32eb12
Mesa de Centro Milao Designer Moderno Cor Off White/Amendoa,284.9,https://www.amazon.com.br/Centro-Milao-Designer-Moderno-Amendoa/dp/B07B9LXR1D/ref=sr_1_50?dib=eyJ2IjoiMSJ9.Jsm25SlOczvZ0JPTPJrDAfnaqBKZmGX-PzQyOtVMRqjtFUDPG5bkHAjGOqjXy-xvVNBRpZotPKDpo5AYzZJ7p_OfV-0HHFBPf4cVIZ-KZQ5ujOyXGDWyayutCIuodJhRlZQAStooemAqw98FAwRn68UuJ1iYHI0jtpC0D7NAQFrNaFknI5LYgBBDGonHXRKQMmlFOKJadOnQQb7NXaIqAxUzF7PeHGXL2a7M7vrBJBeA1VMMyWDQslW-h-x9Dpn97FkElHCmpz_gJALGO7B7xrOmqOxbWSA-yLOnjQmv7Vw.7MOEhKRWMwPca7W9QSFHhUDNA9XcpdJ_RLyhx97CYFo&dib_tag=se&keywords=mesa+de+centro&qid=1779132424&sr=8-50&ufe=app_do%3Aamzn1.fos.fcd6d665-32ba-4479-9f21-b774e276a678
Mesa De Centro Retangular Sala Pé Palito Retrô Preto 65x35cm Cor Branco,129.99,https://www.amazon.com.br/Centro-Retangular-Palito-65x35cm-Branco/dp/B0FM5YQGCB/ref=sr_1_51?dib=eyJ2IjoiMSJ9.Jsm25SlOczvZ0JPTPJrDAfnaqBKZmGX-PzQyOtVMRqjtFUDPG5bkHAjGOqjXy-xvVNBRpZotPKDpo5AYzZJ7p_OfV-0HHFBPf4cVIZ-KZQ5ujOyXGDWyayutCIuodJhRlZQAStooemAqw98FAwRn68UuJ1iYHI0jtpC0D7NAQFrNaFknI5LYgBBDGonHXRKQMmlFOKJadOnQQb7NXaIqAxUzF7PeHGXL2a7M7vrBJBeA1VMMyWDQslW-h-x9Dpn97FkElHCmpz_gJALGO7B7xrOmqOxbWSA-yLOnjQmv7Vw.7MOEhKRWMwPca7W9QSFHhUDNA9XcpdJ_RLyhx97CYFo&dib_tag=se&keywords=mesa+de+centro&qid=1779132424&sr=8-51&ufe=app_do%3Aamzn1.fos.6a09f7ec-d911-4889-ad70-de8dd83c8a74
Mesa de Centro Orgânica Espelhada Paris Conjunto Espelhado e Amadeirado (Cor Freijó),220.92,https://www.amazon.com.br/Org%C3%A2nica-Espelhada-Conjunto-Espelhado-Amadeirado/dp/B0CGMC2BHG/ref=sr_1_52?dib=eyJ2IjoiMSJ9.Jsm25SlOczvZ0JPTPJrDAfnaqBKZmGX-PzQyOtVMRqjtFUDPG5bkHAjGOqjXy-xvVNBRpZotPKDpo5AYzZJ7p_OfV-0HHFBPf4cVIZ-KZQ5ujOyXGDWyayutCIuodJhRlZQAStooemAqw98FAwRn68UuJ1iYHI0jtpC0D7NAQFrNaFknI5LYgBBDGonHXRKQMmlFOKJadOnQQb7NXaIqAxUzF7PeHGXL2a7M7vrBJBeA1VMMyWDQslW-h-x9Dpn97FkElHCmpz_gJALGO7B7xrOmqOxbWSA-yLOnjQmv7Vw.7MOEhKRWMwPca7W9QSFHhUDNA9XcpdJ_RLyhx97CYFo&dib_tag=se&keywords=mesa+de+centro&qid=1779132424&sr=8-52&ufe=app_do%3Aamzn1.fos.fcd6d665-32ba-4479-9f21-b774e276a678
Mesa de Centro de Sala Orgânica Wood Paris Simples e Elegante,122.33,https://www.amazon.com.br/Centro-Org%C3%A2nica-Paris-Simples-Elegante/dp/B0CLDPJ734/ref=sr_1_53?dib=eyJ2IjoiMSJ9.Jsm25SlOczvZ0JPTPJrDAfnaqBKZmGX-PzQyOtVMRqjtFUDPG5bkHAjGOqjXy-xvVNBRpZotPKDpo5AYzZJ7p_OfV-0HHFBPf4cVIZ-KZQ5ujOyXGDWyayutCIuodJhRlZQAStooemAqw98FAwRn68UuJ1iYHI0jtpC0D7NAQFrNaFknI5LYgBBDGonHXRKQMmlFOKJadOnQQb7NXaIqAxUzF7PeHGXL2a7M7vrBJBeA1VMMyWDQslW-h-x9Dpn97FkElHCmpz_gJALGO7B7xrOmqOxbWSA-yLOnjQmv7Vw.7MOEhKRWMwPca7W9QSFHhUDNA9XcpdJ_RLyhx97CYFo&dib_tag=se&keywords=mesa+de+centro&qid=1779132424&sr=8-53&ufe=app_do%3Aamzn1.fos.e689c4f5-0b72-4e81-95e2-ccfb60158c9e
Mesa de Centro Para Sala De Estar Modelo Retrô (PRETO FOSCO) - E-NOVA MÓVEIS,137.0,https://www.amazon.com.br/Centro-Estar-Modelo-Retangular-NOVA/dp/B0CD1KSJ5Z/ref=sr_1_54?dib=eyJ2IjoiMSJ9.Jsm25SlOczvZ0JPTPJrDAfnaqBKZmGX-PzQyOtVMRqjtFUDPG5bkHAjGOqjXy-xvVNBRpZotPKDpo5AYzZJ7p_OfV-0HHFBPf4cVIZ-KZQ5ujOyXGDWyayutCIuodJhRlZQAStooemAqw98FAwRn68UuJ1iYHI0jtpC0D7NAQFrNaFknI5LYgBBDGonHXRKQMmlFOKJadOnQQb7NXaIqAxUzF7PeHGXL2a7M7vrBJBeA1VMMyWDQslW-h-x9Dpn97FkElHCmpz_gJALGO7B7xrOmqOxbWSA-yLOnjQmv7Vw.7MOEhKRWMwPca7W9QSFHhUDNA9XcpdJ_RLyhx97CYFo&dib_tag=se&keywords=mesa+de+centro&qid=1779132424&sr=8-54&ufe=app_do%3Aamzn1.fos.6a09f7ec-d911-4889-ad70-de8dd83c8a74
Kit 2 Mesas de Centro Redondas para Sala e Sofá Decoração(Off-Freijó),201.01,https://www.amazon.com.br/Redondas-para-Sala-Decora%C3%A7%C3%A3o-Off-Freij%C3%B3/dp/B0GSZ9CVMJ/ref=sr_1_55?dib=eyJ2IjoiMSJ9.Jsm25SlOczvZ0JPTPJrDAfnaqBKZmGX-PzQyOtVMRqjtFUDPG5bkHAjGOqjXy-xvVNBRpZotPKDpo5AYzZJ7p_OfV-0HHFBPf4cVIZ-KZQ5ujOyXGDWyayutCIuodJhRlZQAStooemAqw98FAwRn68UuJ1iYHI0jtpC0D7NAQFrNaFknI5LYgBBDGonHXRKQMmlFOKJadOnQQb7NXaIqAxUzF7PeHGXL2a7M7vrBJBeA1VMMyWDQslW-h-x9Dpn97FkElHCmpz_gJALGO7B7xrOmqOxbWSA-yLOnjQmv7Vw.7MOEhKRWMwPca7W9QSFHhUDNA9XcpdJ_RLyhx97CYFo&dib_tag=se&keywords=mesa+de+centro&qid=1779132424&sr=8-55&ufe=app_do%3Aamzn1.fos.fcd6d665-32ba-4479-9f21-b774e276a678
Mesa de Centro Classic Sala Tebarrot Nature pés madeira maciça,199.9,https://www.amazon.com.br/Centro-Classic-Tebarrot-Nature-madeira/dp/B0DR6BQMWH/ref=sr_1_56?dib=eyJ2IjoiMSJ9.Jsm25SlOczvZ0JPTPJrDAfnaqBKZmGX-PzQyOtVMRqjtFUDPG5bkHAjGOqjXy-xvVNBRpZotPKDpo5AYzZJ7p_OfV-0HHFBPf4cVIZ-KZQ5ujOyXGDWyayutCIuodJhRlZQAStooemAqw98FAwRn68UuJ1iYHI0jtpC0D7NAQFrNaFknI5LYgBBDGonHXRKQMmlFOKJadOnQQb7NXaIqAxUzF7PeHGXL2a7M7vrBJBeA1VMMyWDQslW-h-x9Dpn97FkElHCmpz_gJALGO7B7xrOmqOxbWSA-yLOnjQmv7Vw.7MOEhKRWMwPca7W9QSFHhUDNA9XcpdJ_RLyhx97CYFo&dib_tag=se&keywords=mesa+de+centro&qid=1779132424&sr=8-56&ufe=app_do%3Aamzn1.fos.fcd6d665-32ba-4479-9f21-b774e276a678
"Anúncio patrocinado – VASAGLE Mesa de Centro Redonda, Kit com 2 Mesas, Mesa Lateral para Sala de Estar, Estilo Vintage, Ta...",379.99,https://www.amazon.com.br/sspa/click?ie=UTF8&spc=MTo0Mzk3OTUxNTMzMjAyOTYyOjE3NzkxMzI0MjQ6c3BfYnRmOjMwMTIwNDE2Mjc3MTIwMjo6MDo6&url=%2FVASAGLE-Redonda-Lateral-Remov%25C3%25ADvel-BRLET040WE01%2Fdp%2FB0CKX4DNNZ%2Fref%3Dsr_1_57_sspa%3Fdib%3DeyJ2IjoiMSJ9.Jsm25SlOczvZ0JPTPJrDAfnaqBKZmGX-PzQyOtVMRqjtFUDPG5bkHAjGOqjXy-xvVNBRpZotPKDpo5AYzZJ7p_OfV-0HHFBPf4cVIZ-KZQ5ujOyXGDWyayutCIuodJhRlZQAStooemAqw98FAwRn68UuJ1iYHI0jtpC0D7NAQFrNaFknI5LYgBBDGonHXRKQMmlFOKJadOnQQb7NXaIqAxUzF7PeHGXL2a7M7vrBJBeA1VMMyWDQslW-h-x9Dpn97FkElHCmpz_gJALGO7B7xrOmqOxbWSA-yLOnjQmv7Vw.7MOEhKRWMwPca7W9QSFHhUDNA9XcpdJ_RLyhx97CYFo%26dib_tag%3Dse%26keywords%3Dmesa%2Bde%2Bcentro%26qid%3D1779132424%26sr%3D8-57-spons%26ufe%3Dapp_do%253Aamzn1.fos.4bb5663b-6f7d-4772-84fa-7c7f565ec65b%26sp_csd%3Dd2lkZ2V0TmFtZT1zcF9idGY%26psc%3D1
"Anúncio patrocinado – VASAGLE Mesa de Centro, Mesa de Sala de Estar, Mesa de Sofá Redonda de Mármore Sintético, Prateleira...",503.49,https://www.amazon.com.br/sspa/click?ie=UTF8&spc=MTo0Mzk3OTUxNTMzMjAyOTYyOjE3NzkxMzI0MjQ6c3BfYnRmOjMwMTIwNDE2Mjc3MDIwMjo6MDo6&url=%2FVASAGLE-Sint%25C3%25A9tico-Prateleira-Temperado-LCT071B13%2Fdp%2FB0BJ6WH1KM%2Fref%3Dsr_1_58_sspa%3Fdib%3DeyJ2IjoiMSJ9.Jsm25SlOczvZ0JPTPJrDAfnaqBKZmGX-PzQyOtVMRqjtFUDPG5bkHAjGOqjXy-xvVNBRpZotPKDpo5AYzZJ7p_OfV-0HHFBPf4cVIZ-KZQ5ujOyXGDWyayutCIuodJhRlZQAStooemAqw98FAwRn68UuJ1iYHI0jtpC0D7NAQFrNaFknI5LYgBBDGonHXRKQMmlFOKJadOnQQb7NXaIqAxUzF7PeHGXL2a7M7vrBJBeA1VMMyWDQslW-h-x9Dpn97FkElHCmpz_gJALGO7B7xrOmqOxbWSA-yLOnjQmv7Vw.7MOEhKRWMwPca7W9QSFHhUDNA9XcpdJ_RLyhx97CYFo%26dib_tag%3Dse%26keywords%3Dmesa%2Bde%2Bcentro%26qid%3D1779132424%26sr%3D8-58-spons%26ufe%3Dapp_do%253Aamzn1.fos.25548f35-0de7-44b3-b28e-0f56f3f96147%26sp_csd%3Dd2lkZ2V0TmFtZT1zcF9idGY%26psc%3D1
"Anúncio patrocinado – VASAGLE Mesa de Centro com Armazenamento, Mesa Redonda para Sala de Estar com Cesta de Tecido, Estil...",474.99,https://www.amazon.com.br/sspa/click?ie=UTF8&spc=MTo0Mzk3OTUxNTMzMjAyOTYyOjE3NzkxMzI0MjQ6c3BfYnRmOjMwMTIwNDE2Mjc3MDkwMjo6MDo6&url=%2FVASAGLE-Armazenamento-central-redonda-ULCT244W10%2Fdp%2FB0CSFLN9NQ%2Fref%3Dsr_1_59_sspa%3Fdib%3DeyJ2IjoiMSJ9.Jsm25SlOczvZ0JPTPJrDAfnaqBKZmGX-PzQyOtVMRqjtFUDPG5bkHAjGOqjXy-xvVNBRpZotPKDpo5AYzZJ7p_OfV-0HHFBPf4cVIZ-KZQ5ujOyXGDWyayutCIuodJhRlZQAStooemAqw98FAwRn68UuJ1iYHI0jtpC0D7NAQFrNaFknI5LYgBBDGonHXRKQMmlFOKJadOnQQb7NXaIqAxUzF7PeHGXL2a7M7vrBJBeA1VMMyWDQslW-h-x9Dpn97FkElHCmpz_gJALGO7B7xrOmqOxbWSA-yLOnjQmv7Vw.7MOEhKRWMwPca7W9QSFHhUDNA9XcpdJ_RLyhx97CYFo%26dib_tag%3Dse%26keywords%3Dmesa%2Bde%2Bcentro%26qid%3D1779132424%26sr%3D8-59-spons%26ufe%3Dapp_do%253Aamzn1.fos.4bddec23-2dcf-4403-8597-e1a02442043d%26sp_csd%3Dd2lkZ2V0TmFtZT1zcF9idGY%26psc%3D1
"Anúncio patrocinado – VASAGLE Mesa de Centro Redonda de 2 Níveis com Armazenamento, para Sala de Estar, 80 x 45 cm, Fácil ...",503.49,https://www.amazon.com.br/sspa/click?ie=UTF8&spc=MTo0Mzk3OTUxNTMzMjAyOTYyOjE3NzkxMzI0MjQ6c3BfYnRmOjMwMTIwNDE2Mjc3MDcwMjo6MDo6&url=%2FVASAGLE-redonda-armazenamento-polegadas-ULCT243K41%2Fdp%2FB0D31M71SB%2Fref%3Dsr_1_60_sspa%3Fdib%3DeyJ2IjoiMSJ9.Jsm25SlOczvZ0JPTPJrDAfnaqBKZmGX-PzQyOtVMRqjtFUDPG5bkHAjGOqjXy-xvVNBRpZotPKDpo5AYzZJ7p_OfV-0HHFBPf4cVIZ-KZQ5ujOyXGDWyayutCIuodJhRlZQAStooemAqw98FAwRn68UuJ1iYHI0jtpC0D7NAQFrNaFknI5LYgBBDGonHXRKQMmlFOKJadOnQQb7NXaIqAxUzF7PeHGXL2a7M7vrBJBeA1VMMyWDQslW-h-x9Dpn97FkElHCmpz_gJALGO7B7xrOmqOxbWSA-yLOnjQmv7Vw.7MOEhKRWMwPca7W9QSFHhUDNA9XcpdJ_RLyhx97CYFo%26dib_tag%3Dse%26keywords%3Dmesa%2Bde%2Bcentro%26qid%3D1779132424%26sr%3D8-60-spons%26ufe%3Dapp_do%253Aamzn1.fos.25548f35-0de7-44b3-b28e-0f56f3f96147%26sp_csd%3Dd2lkZ2V0TmFtZT1zcF9idGY%26psc%3D1
